<?xml version="1.0" encoding="UTF-8"?>
<project-private xmlns="http://www.netbeans.org/ns/project-private/1">
    <editor-bookmarks xmlns="http://www.netbeans.org/ns/editor-bookmarks/2" lastBookmarkId="0"/>
    <open-files xmlns="http://www.netbeans.org/ns/projectui-open-files/2">
        <group>
            <file>file:/C:/Users/tipa/Desktop/315cb/poo/lab5/src/lab5/Lab5.java</file>
            <file>file:/C:/Users/tipa/Desktop/315cb/poo/lab5/src/lab5/Circle.java</file>
            <file>file:/C:/Users/tipa/Desktop/315cb/poo/lab5/src/lab5/InvalidRadiusException.java</file>
            <file>file:/C:/Users/tipa/Desktop/315cb/poo/lab5/src/lab5/ex2.java</file>
            <file>file:/C:/Users/tipa/Desktop/315cb/poo/lab5/src/lab5/bonus.java</file>
        </group>
    </open-files>
</project-private>
